Symbol,Sector,Shares Outstanding,Market Price,Percent Change,Last Trade On,52 Week Low/High,180 Day Average,120 Day Average,One Year Yield,EPS,P/E Ratio,Book Value,P/B Ratio,Dividend,180Change,Technical Quality,Fundamental Health,Final Rating
NABIL,Commercial Banks,"270,569,970.00",525.80,0.54 %,2026/03/17 02:59:51,562.00-471.00,504.21,501.63,7.31%,"35.18                                                                    (FY:082-083, Q:2)",14.95,235.64,2.23,12.50                                                                    (FY:081-082),4.28,0.3978,0.1432,0.2705
NIMB,Commercial Banks,"341,285,950.00",213.10,1.33 %,2026/03/17 02:59:58,247.00-184.20,196.04,194.24,-1.39%,"9.45                                                                    (FY:082-083, Q:2)",22.55,194.77,1.09,,8.70,0.5398,0.2190,0.3794
SCB,Commercial Banks,"100,423,680.00",663.00,0.76 %,2026/03/17 02:59:57,712.60-594.90,636.24,639.18,1.53%,"27.35                                                                    (FY:082-083, Q:2)",24.24,210.97,3.14,19.00                                                                    (FY:081-082),4.21,0.4214,0.0967,0.2591
HBL,Commercial Banks,"225,816,625.32",217.00,2.41 %,2026/03/17 02:59:55,261.00-184.00,193.78,192.44,-8.44%,"11.45                                                                    (FY:082-083, Q:2)",18.95,174.23,1.25,,11.98,0.5714,0.2022,0.3868
SBI,Commercial Banks,"113,351,243.90",413.40,-0.02 %,2026/03/17 02:59:47,452.00-363.00,400.44,404.32,-0.86%,"18.20                                                                    (FY:082-083, Q:2)",22.71,189.52,2.18,5.00                                                                    (FY:081-082),3.24,0.4337,0.1270,0.2803
EBL,Commercial Banks,"137,213,760.00",706.00,-0.25 %,2026/03/17 02:59:57,780.60-594.00,660.89,663.09,14.95%,"30.86                                                                    (FY:082-083, Q:2)",22.88,235.04,3.00,14.00                                                                    (FY:081-082),6.83,0.3998,0.1016,0.2507
NICA,Commercial Banks,"149,175,669.22",345.00,0.7 %,2026/03/17 02:59:51,428.40-304.50,327.25,329.76,-8.24%,"1.76                                                                    (FY:082-083, Q:2)",196.02,198.33,1.74,,5.42,0.6731,0.1190,0.3961
MBL,Commercial Banks,"120,862,115.64",252.50,1 %,2026/03/17 02:59:36,272.10-205.00,222.92,225.96,10.31%,"16.73                                                                    (FY:082-083, Q:2)",15.09,161.63,1.56,4.00                                                                    (FY:081-082),13.27,0.2921,0.1812,0.2367
LSL,Commercial Banks,"267,811,630.00",222.00,0.59 %,2026/03/17 02:59:56,252.00-201.00,219.83,218.74,-0.89%,"-2.04                                                                    (FY:082-083, Q:2)",-108.82,166.23,1.34,0.53                                                                    (FY:081-082),0.99,0.5882,0.1419,0.3650
KBL,Commercial Banks,"262,258,613.40",220.90,2.32 %,2026/03/17 02:59:58,233.50-175.50,186.21,186.46,6.30%,"20.74                                                                    (FY:082-083, Q:2)",10.65,151.16,1.46,,18.63,0.2172,0.2121,0.2147
SBL,Commercial Banks,"147,944,792.00",400.00,0.58 %,2026/03/17 02:59:56,416.00-261.00,364.87,371.50,38.41%,"17.93                                                                    (FY:082-083, Q:2)",22.31,211.23,1.89,5.53                                                                    (FY:081-082),9.63,0.1032,0.1417,0.1225
SHL,Hotels And Tourism,"11,751,420.90",507.80,-0.22 %,2026/03/17 02:58:56,619.00-464.00,505.00,497.44,3.63%,"5.92                                                                    (FY:082-083, Q:2)",85.78,26.31,19.30,16.58                                                                    (FY:081-082),0.55,0.7174,0.0197,0.3686
TRH,Hotels And Tourism,"19,621,201.60",763.00,-0.91 %,2026/03/17 02:56:11,"1,119.00-681.10",744.47,731.62,-31.19%,"-9.26                                                                    (FY:082-083, Q:2)",-82.40,150.05,5.08,5.00                                                                    (FY:081-082),2.49,0,0.0297,0.0149
OHL,Hotels And Tourism,"11,844,949.60",730.10,-2 %,2026/03/17 02:58:28,"1,049.50-633.10",708.65,711.52,-18.88%,"-4.63                                                                    (FY:082-083, Q:2)",-157.69,328.33,2.22,0.26                                                                    (FY:080-081),3.03,0,0.0850,0.0425
NHPC,Hydro Power,"24,671,629.15",299.20,0.74 %,2026/03/17 02:59:59,313.90-178.60,203.28,207.53,39.16%,"2.11                                                                    (FY:082-083, Q:2)",141.80,97.41,3.07,,47.19,0.1086,0.0708,0.0897
BPCL,Hydro Power,"34,090,650.00",726.00,-0.14 %,2026/03/17 02:59:59,"1,065.00-380.70",733.75,736.84,81.86%,"13.22                                                                    (FY:082-083, Q:2)",54.92,208.40,3.48,6.00                                                                    (FY:081-082),-1.06,0,0.0720,0.0360
CHCL,Hydro Power,"94,849,886.80",497.10,0.04 %,2026/03/17 02:59:52,599.60-456.00,485.25,483.50,-1.35%,"8.39                                                                    (FY:082-083, Q:2)",59.25,120.86,4.11,4.00                                                                    (FY:081-082),2.44,0.7138,0.0622,0.3880
STC,Tradings,"3,527,886.50","6,150.00",0.79 %,2026/03/17 02:59:48,"6,335.90-4,832.00","5,466.25","5,569.99",13.89%,"25.93                                                                    (FY:082-083, Q:2)",237.18,483.06,12.73,,0,0,0,0.0000
BBC,Tradings,"40,100,000.00","4,843.00",-0.32 %,2026/03/17 02:45:42,"6,661.60-4,480.00","4,856.46","4,844.52",-10.17%,"0.00                                                                    (FY:081-082, Q:2)",0.00,100.00,48.43,,0,0,0,0.0000
NUBL,Microfinance,"27,426,837.38",713.00,-0.28 %,2026/03/17 02:59:31,854.40-650.00,729.69,724.63,4.09%,"8.73                                                                    (FY:082-083, Q:2)",81.67,213.17,3.34,7.00                                                                    (FY:081-082),-2.29,0.6918,0.0697,0.3807
CBBL,Microfinance,"36,172,641.01",931.00,-1.06 %,2026/03/17 02:59:43,"1,144.80-821.50",973.91,967.06,7.74%,"31.85                                                                    (FY:082-083, Q:2)",29.23,233.66,3.98,12.50                                                                    (FY:081-082),-4.41,0,0.0776,0.0388
DDBL,Microfinance,"20,551,142.70",870.10,-1.12 %,2026/03/17 02:58:43,"1,010.00-759.00",847.06,850.86,9.45%,"43.10                                                                    (FY:082-083, Q:2)",20.19,210.12,4.14,5.00                                                                    (FY:081-082),2.72,0,0.0879,0.0440
SANIMA,Commercial Banks,"135,815,254.14",349.50,0.14 %,2026/03/17 02:59:48,391.00-294.30,323.62,326.12,14.59%,"20.48                                                                    (FY:082-083, Q:2)",17.07,172.39,2.03,7.37                                                                    (FY:081-082),8.00,0.4292,0.1454,0.2873
NABBC,Development Bank Limited,"5,249,352.00","1,466.00",0 %,2026/03/17 02:59:59,"2,060.00-662.00","1,151.84","1,309.61",-24.55%,"-18.04                                                                    (FY:082-083, Q:2)",-81.26,33.05,44.36,,0,0,0,0.0000
NICL,Non-Life Insurance,"25,485,750.10",515.00,-0.17 %,2026/03/17 02:59:50,"1,005.00-483.00",513.33,509.73,-48.08%,"0.39                                                                    (FY:082-083, Q:2)","1,320.51",170.11,3.03,6.32                                                                    (FY:081-082),0.33,0,0,0.0000
RBCL,Non-Life Insurance,"2,666,390.60","15,500.00",-0.32 %,2026/03/17 02:58:06,"16,900.00-14,251.00","14,968.90","14,997.62",4.73%,"132.96                                                                    (FY:082-083, Q:2)",116.58,"6,461.26",2.40,6.00                                                                    (FY:062-063),0,0,0,0.0000
NLICL,Life Insurance,"56,916,493.30",608.60,-0.23 %,2026/03/17 02:56:59,691.00-539.00,597.11,597.80,-4.61%,"10.08                                                                    (FY:082-083, Q:2)",60.38,127.64,4.77,8.50                                                                    (FY:081-082),1.92,0.5421,0.0552,0.2987
HEI,Non-Life Insurance,"25,001,574.00",540.00,0.95 %,2026/03/17 02:59:52,654.00-458.00,504.94,508.37,-14.27%,"1.26                                                                    (FY:082-083, Q:2)",428.57,209.67,2.58,8.00                                                                    (FY:081-082),6.94,0.5816,0.0794,0.3305
UAIL,Non-Life Insurance,"25,410,000.00",463.70,0.8 %,2026/03/17 02:59:57,673.00-422.10,459.25,459.65,-30.18%,"-8.39                                                                    (FY:082-083, Q:2)",-55.27,165.19,2.81,,0.97,0.8342,0.0567,0.4455
SPIL,Non-Life Insurance,"28,065,499.00",724.00,-0.14 %,2026/03/17 02:55:06,894.50-625.00,707.17,716.26,-18.16%,"-12.72                                                                    (FY:082-083, Q:2)",-56.92,241.34,3.00,25.00                                                                    (FY:081-082),2.38,0.6327,0.0526,0.3427
NIL,Non-Life Insurance,"27,722,783.00",657.00,0 %,2026/03/17 02:59:19,783.90-562.00,613.72,622.18,-14.90%,"0.78                                                                    (FY:082-083, Q:2)",842.31,229.46,2.86,12.79                                                                    (FY:081-082),7.05,0.5719,0.0709,0.3214
PRIN,Non-Life Insurance,"17,009,559.20",758.00,-0.01 %,2026/03/17 02:59:54,999.00-630.00,691.74,701.84,-24.20%,"14.40                                                                    (FY:082-083, Q:2)",52.64,203.11,3.73,0.47                                                                    (FY:081-082),9.58,0.6531,0.0688,0.3609
SALICO,Non-Life Insurance,"26,226,382.00",615.50,0.41 %,2026/03/17 02:59:35,765.90-570.10,600.81,601.80,-15.06%,"2.85                                                                    (FY:082-083, Q:2)",215.96,227.43,2.71,15.00                                                                    (FY:081-082),2.45,0.7681,0.0775,0.4228
IGI,Non-Life Insurance,"30,293,346.39",454.00,0 %,2026/03/17 02:59:36,615.00-392.00,425.89,426.96,-25.21%,"-11.96                                                                    (FY:082-083, Q:2)",-37.96,176.25,2.58,5.00                                                                    (FY:081-082),6.60,0.7220,0.0564,0.3892
NLIC,Life Insurance,"94,802,013.70",802.00,-0.1 %,2026/03/17 02:59:51,890.00-702.00,788.17,791.47,2.30%,"7.11                                                                    (FY:082-083, Q:2)",112.80,124.86,6.42,16.05                                                                    (FY:081-082),1.75,0.4681,0.0382,0.2531
LICN,Life Insurance,"55,000,000.00",852.10,-1.49 %,2026/03/17 02:59:58,"1,065.00-773.00",861.54,873.11,-19.99%,"8.17                                                                    (FY:082-083, Q:2)",104.30,174.41,4.89,21.05                                                                    (FY:081-082),-1.10,0,0.0486,0.0243
SICL,Non-Life Insurance,"30,984,849.40",657.10,-0.82 %,2026/03/17 02:59:59,876.90-588.80,635.71,637.07,-17.45%,"-2.89                                                                    (FY:082-083, Q:2)",-227.37,191.17,3.44,0.32                                                                    (FY:081-082),3.36,0.7629,0.0546,0.4088
NFS,Finance,"7,756,467.47",653.90,0 %,2026/03/17 02:59:57,851.00-576.00,641.45,641.91,-9.68%,"-22.52                                                                    (FY:082-083, Q:2)",-29.04,121.25,5.39,1.16                                                                    (FY:067-068),1.94,0.7167,0.0096,0.3632
BNL,Manufacturing And Processing,"1,948,890.00","15,355.00",0 %,2026/03/15 11:40:24,"19,931.69-14,635.80","15,740.37","15,721.13",-24.50%,"32.09                                                                    (FY:082-083, Q:2)",478.50,"3,201.17",4.80,,0,0,0,0.0000
NLO,Manufacturing And Processing,"874,352.40",269.40,3.98 %,2026/02/02 02:56:38,293.20-244.33,256.73,260.87,-2.71%,"48.25                                                                    (FY:082-083, Q:2)",5.58,507.62,0.53,1.05                                                                    (FY:081-082),4.94,0.4870,0.5207,0.5039
GUFL,Finance,"8,679,938.00",570.00,-0.52 %,2026/03/17 02:59:55,644.00-460.60,524.89,535.92,-6.56%,"14.21                                                                    (FY:082-083, Q:2)",40.11,148.65,3.83,,8.59,0.4035,0.0722,0.2379
CIT,Investment,"68,057,980.00","1,825.00",0.22 %,2026/03/17 02:59:36,"2,168.00-1,730.80","1,821.36","1,808.08",-7.87%,"19.55                                                                    (FY:082-083, Q:2)",93.35,280.46,6.51,8.00                                                                    (FY:081-082),0,0,0,0.0000
BNT,Manufacturing And Processing,"1,210,000.00","12,036.00",2 %,2026/03/17 01:53:09,"13,550.00-10,660.00","11,622.73","11,885.45",-9.23%,"223.96                                                                    (FY:082-083, Q:2)",53.74,"3,021.55",3.98,,0,0,0,0.0000
UNL,Manufacturing And Processing,"921,000.00","47,199.00",0.21 %,2026/03/16 02:49:21,"50,724.00-45,000.00","47,213.27","46,921.82",2.49%,"935.72                                                                    (FY:082-083, Q:2)",50.44,"4,627.69",10.20,"1,842.00                                                                    (FY:081-082)",0,0,0,0.0000
BFC,Finance,"8,904,242.36",486.00,0.41 %,2026/03/17 02:59:56,604.80-411.50,469.70,473.88,-18.04%,"3.93                                                                    (FY:082-083, Q:2)",123.66,107.30,4.53,,3.47,0.6146,0.0506,0.3326
GFCL,Finance,"9,461,152.00",671.00,-0.34 %,2026/03/17 02:57:29,756.80-528.30,618.40,628.57,-4.82%,"23.61                                                                    (FY:082-083, Q:2)",28.42,256.65,2.61,,8.51,0.3755,0.1048,0.2402
HDL,Manufacturing And Processing,"36,880,821.75","1,182.00",-0.67 %,2026/03/17 02:59:55,"1,556.10-1,103.00","1,199.60","1,155.84",-3.67%,"24.31                                                                    (FY:082-083, Q:2)",48.62,120.87,9.78,5.00                                                                    (FY:081-082),0,0,0,0.0000
PFL,Finance,"10,825,566.05",398.00,-0.08 %,2026/03/17 02:59:57,475.50-352.80,379.66,377.04,-11.95%,"43.20                                                                    (FY:082-083, Q:2)",9.21,78.22,5.09,,4.83,0.6316,0.1261,0.3789
NMB,Commercial Banks,"192,850,410.00",254.00,0.4 %,2026/03/17 02:59:45,283.00-231.00,242.09,242.81,0.00%,"17.10                                                                    (FY:082-083, Q:2)",14.85,169.36,1.50,5.00                                                                    (FY:081-082),4.92,0.5577,0.1872,0.3725
SIFC,Finance,"10,000,000.00",598.50,-0.25 %,2026/03/17 02:58:34,687.40-459.00,532.48,548.43,11.87%,"2.43                                                                    (FY:082-083, Q:2)",246.30,136.25,4.39,6.40                                                                    (FY:081-082),12.40,0.3892,0.0488,0.2190
CFCL,Finance,"9,488,754.59",557.00,0 %,2026/03/17 02:59:59,651.00-445.10,505.94,514.59,-3.63%,"8.26                                                                    (FY:082-083, Q:2)",67.43,113.65,4.90,,10.09,0.4565,0.0527,0.2546
JFL,Finance,"6,904,728.00",444.70,0.61 %,2026/03/17 02:59:55,558.00-395.00,432.05,430.23,-17.34%,"-6.48                                                                    (FY:082-083, Q:2)",-68.63,-5.49,-81.00,,2.93,0.6951,-0.0141,0.3405
PRVU,Commercial Banks,"235,424,900.00",215.20,1.61 %,2026/03/17 02:59:55,250.90-179.90,191.74,188.56,-0.42%,"8.62                                                                    (FY:082-083, Q:2)",24.97,146.17,1.47,,12.24,0.5028,0.1681,0.3355
SFCL,Finance,"8,189,114.00",410.00,0.74 %,2026/03/17 02:59:18,587.00-359.40,395.99,391.43,-24.48%,"0.29                                                                    (FY:082-083, Q:2)","1,413.79",59.96,6.84,,3.54,0.7777,0,0.3888
GMFIL,Finance,"10,121,760.00",483.80,-0.25 %,2026/03/17 02:59:58,557.00-393.10,464.18,468.92,-6.94%,"3.33                                                                    (FY:082-083, Q:2)",145.29,164.67,2.94,,4.23,0.4466,0.0735,0.2601
SWBBL,Microfinance,"17,500,000.00",757.00,-0.79 %,2026/03/17 02:59:18,"1,046.50-718.00",773.04,761.28,-12.54%,"19.73                                                                    (FY:082-083, Q:2)",38.37,218.53,3.46,4.36                                                                    (FY:081-082),-2.07,0,0.0787,0.0394
ICFC,Finance,"11,834,709.60",662.90,-1.04 %,2026/03/17 02:59:56,730.90-555.00,644.94,649.20,5.39%,"5.41                                                                    (FY:082-083, Q:2)",122.53,170.19,3.90,15.79                                                                    (FY:081-082),2.78,0.3866,0.0578,0.2222
EDBL,Development Bank Limited,"12,496,944.70",608.00,-0.03 %,2026/03/17 02:59:59,717.30-545.00,595.09,594.07,-9.25%,"14.17                                                                    (FY:082-083, Q:2)",42.91,177.95,3.42,,2.17,0.6344,0.0771,0.3558
NTC,Others,"180,000,000.00",879.20,0.25 %,2026/03/17 02:59:32,942.50-762.50,862.82,866.19,-2.85%,"46.27                                                                    (FY:082-083, Q:2)",19.00,539.51,1.63,30.00                                                                    (FY:081-082),1.90,0.3517,0.1648,0.2582
PROFL,Finance,"8,481,060.00",479.00,0.19 %,2026/03/17 02:59:56,589.20-421.40,465.96,465.65,-12.91%,"-6.90                                                                    (FY:082-083, Q:2)",-69.42,73.93,6.48,,2.80,0.6567,0.0193,0.3380
GBIME,Commercial Banks,"381,158,530.00",241.00,0.84 %,2026/03/17 02:59:24,278.90-210.70,230.82,228.21,8.61%,"17.06                                                                    (FY:082-083, Q:2)",14.13,175.29,1.37,8.00                                                                    (FY:081-082),4.41,0.5557,0.2026,0.3791
CZBIL,Commercial Banks,"155,074,636.14",214.50,2.14 %,2026/03/17 02:59:58,240.10-183.00,197.54,195.76,1.18%,"4.63                                                                    (FY:082-083, Q:2)",46.33,149.79,1.43,0.26                                                                    (FY:081-082),8.59,0.4483,0.1571,0.3027
PCBL,Commercial Banks,"209,547,817.73",251.70,1.08 %,2026/03/17 02:59:42,290.00-226.00,243.98,245.07,-1.33%,"19.50                                                                    (FY:082-083, Q:2)",12.91,165.80,1.52,0.42                                                                    (FY:081-082),3.16,0.5984,0.1936,0.3960
LBBL,Development Bank Limited,"36,236,781.62",496.80,0.16 %,2026/03/17 02:59:55,646.30-376.50,475.56,475.35,8.95%,"15.75                                                                    (FY:082-083, Q:2)",31.54,196.98,2.52,,4.47,0.5541,0.1047,0.3294
AHPC,Hydro Power,"40,404,031.50",310.00,3.02 %,2026/03/17 02:59:59,334.00-242.50,279.22,277.90,19.32%,"4.95                                                                    (FY:082-083, Q:2)",62.63,114.90,2.70,0.26                                                                    (FY:081-082),11.02,0.2623,0.0868,0.1745
MDB,Development Bank Limited,"12,171,000.00",650.00,-0.61 %,2026/03/17 02:59:58,729.70-530.50,599.43,608.87,0.00%,"9.37                                                                    (FY:082-083, Q:2)",69.37,135.98,4.78,10.00                                                                    (FY:081-082),8.44,0.4001,0.0534,0.2268
ALICL,Life Insurance,"52,512,171.70",470.00,0.11 %,2026/03/17 02:59:38,779.00-430.00,467.35,467.78,-36.95%,"10.04                                                                    (FY:082-083, Q:2)",46.81,127.37,3.69,5.53                                                                    (FY:081-082),0.57,0.8854,0.0713,0.4783
HLI,Life Insurance,"91,432,373.10",385.00,0.6 %,2026/03/17 02:59:53,464.00-354.80,374.11,373.20,-10.49%,"4.54                                                                    (FY:082-083, Q:2)",84.80,106.91,3.60,8.00                                                                    (FY:080-081),2.91,0.7234,0.0650,0.3942
NMLBBL,Microfinance,"13,977,642.72",643.00,-0.46 %,2026/03/17 02:58:41,807.00-600.00,639.63,643.03,-4.80%,"11.18                                                                    (FY:082-083, Q:2)",57.51,212.76,3.02,,0.53,0.7923,0.0801,0.4362
ADBL,Commercial Banks,"143,055,190.90",316.30,1.02 %,2026/03/17 02:59:28,344.90-272.30,304.88,301.58,9.07%,"5.33                                                                    (FY:082-083, Q:2)",59.34,224.37,1.41,9.75                                                                    (FY:081-082),3.75,0.3939,0.1553,0.2746
MLBL,Development Bank Limited,"45,112,810.70",386.00,-0.03 %,2026/03/17 02:59:53,468.60-348.90,376.70,375.69,-8.10%,"13.56                                                                    (FY:082-083, Q:2)",28.47,162.36,2.38,5.37                                                                    (FY:081-082),2.47,0.6901,0.1121,0.4011
SJLIC,Life Insurance,"50,119,477.97",451.00,-1.2 %,2026/03/17 02:59:37,489.90-390.00,444.18,452.75,-0.07%,"8.06                                                                    (FY:082-083, Q:2)",55.96,123.33,3.66,13.00                                                                    (FY:081-082),1.54,0.3894,0.0689,0.2292
GBBL,Development Bank Limited,"60,213,483.67",420.00,0 %,2026/03/17 02:59:46,498.00-367.40,396.01,392.26,4.92%,"21.10                                                                    (FY:082-083, Q:2)",19.91,159.59,2.63,4.53                                                                    (FY:081-082),6.06,0.5972,0.1162,0.3567
JBBL,Development Bank Limited,"43,957,858.86",359.10,0.62 %,2026/03/17 02:59:58,413.00-295.00,328.85,332.91,0.81%,"14.16                                                                    (FY:082-083, Q:2)",25.36,155.09,2.32,,9.20,0.4568,0.1178,0.2873
CORBL,Development Bank Limited,"5,250,000.00","1,782.70",3.83 %,2026/03/17 02:59:46,"2,800.00-1,431.00","1,715.55","1,680.50",-5.18%,"4.93                                                                    (FY:082-083, Q:2)",361.60,135.79,13.13,,0,0,0,0.0000
KSBBL,Development Bank Limited,"38,619,308.15",482.30,-0.56 %,2026/03/17 02:59:41,588.00-404.10,447.72,450.79,7.66%,"20.43                                                                    (FY:082-083, Q:2)",23.61,158.07,3.05,5.79                                                                    (FY:081-082),7.72,0.5748,0.0995,0.3372
MPFL,Finance,"6,102,000.00",728.50,0.48 %,2026/03/17 02:59:58,730.00-491.00,590.60,612.74,11.73%,"2.57                                                                    (FY:082-083, Q:2)",283.46,118.58,6.14,,23.35,0.0063,0.0354,0.0209
SADBL,Development Bank Limited,"37,340,685.06",440.00,2.25 %,2026/03/17 02:59:59,526.50-376.00,406.50,408.78,4.76%,"16.21                                                                    (FY:082-083, Q:2)",27.14,153.24,2.87,5.36                                                                    (FY:081-082),8.24,0.5748,0.0992,0.3370
SHINE,Development Bank Limited,"50,219,727.30",423.00,-0.49 %,2026/03/17 02:59:52,499.00-382.00,406.23,405.70,-0.49%,"16.10                                                                    (FY:082-083, Q:2)",26.27,146.60,2.89,10.00                                                                    (FY:081-082),4.13,0.6496,0.0997,0.3746
MNBBL,Development Bank Limited,"80,003,890.00",385.90,0.23 %,2026/03/17 02:59:50,503.00-340.10,371.34,359.48,3.46%,"16.80                                                                    (FY:082-083, Q:2)",22.97,151.35,2.55,4.67                                                                    (FY:081-082),3.92,0.7188,0.1133,0.4160
FMDBL,Microfinance,"13,448,713.23",816.00,0.12 %,2026/03/17 02:59:59,"1,038.80-718.00",812.82,807.33,2.90%,"10.47                                                                    (FY:082-083, Q:2)",77.94,128.31,6.36,6.50                                                                    (FY:081-082),0.39,0,0.0417,0.0209
MFIL,Finance,"13,515,528.49",855.00,-0.58 %,2026/03/17 02:59:58,918.00-545.00,698.63,738.97,36.80%,"20.03                                                                    (FY:082-083, Q:2)",42.69,175.29,4.88,15.00                                                                    (FY:081-082),22.38,0.1689,0.0597,0.1143
NBL,Commercial Banks,"146,940,229.28",263.90,0.76 %,2026/03/17 02:59:58,313.00-225.40,244.90,244.61,4.10%,"17.76                                                                    (FY:082-083, Q:2)",14.86,262.43,1.01,10.00                                                                    (FY:078-079),7.76,0.5605,0.2519,0.4062
SLBBL,Microfinance,"8,956,336.30",838.70,-2.04 %,2026/03/17 02:59:55,"1,155.00-780.00",864.49,864.94,-13.88%,"28.47                                                                    (FY:082-083, Q:2)",29.46,164.46,5.10,0.75                                                                    (FY:081-082),-2.98,0,0.0664,0.0332
NLG,Non-Life Insurance,"26,678,334.10",695.00,-0.34 %,2026/03/17 02:59:59,976.20-655.00,695.48,688.49,-20.53%,"0.83                                                                    (FY:082-083, Q:2)",837.35,171.30,4.06,3.37                                                                    (FY:081-082),-0.07,0.8755,0.0502,0.4628
SINDU,Development Bank Limited,"5,574,560.70",799.70,-0.16 %,2026/03/17 02:59:58,"1,247.00-608.00",739.05,751.76,-23.55%,"-5.55                                                                    (FY:082-083, Q:2)",-144.09,94.19,8.49,,8.21,0,0.0180,0.0090
SKBBL,Microfinance,"49,271,700.80",789.00,-0.45 %,2026/03/17 02:59:56,999.00-752.00,825.70,809.53,-3.55%,"15.46                                                                    (FY:082-083, Q:2)",51.03,216.48,3.64,0.75                                                                    (FY:081-082),-4.44,0.8502,0.0706,0.4604
GBLBS,Microfinance,"10,053,500.00",785.00,-0.51 %,2026/03/17 02:51:22,950.00-698.00,773.14,780.25,-5.88%,"43.75                                                                    (FY:082-083, Q:2)",17.94,278.07,2.82,,1.53,0.6548,0.1155,0.3852
RLFL,Finance,"11,214,520.00",472.00,-0.42 %,2026/03/17 02:59:56,576.00-398.00,439.96,442.97,-11.78%,"0.31                                                                    (FY:082-083, Q:2)","1,522.58",112.03,4.21,,7.28,0.5843,0,0.2922
SHPC,Hydro Power,"37,379,937.10",544.00,-0.17 %,2026/03/17 02:59:59,684.90-443.10,526.90,534.86,14.55%,"6.72                                                                    (FY:082-083, Q:2)",80.95,169.00,3.22,,3.25,0.5827,0.0720,0.3273
KMCDB,Microfinance,"4,484,615.35",946.00,-0.39 %,2026/03/17 02:59:09,"1,223.00-893.00",998.33,995.57,-10.75%,"26.09                                                                    (FY:082-083, Q:2)",36.26,164.70,5.74,0.53                                                                    (FY:081-082),-5.24,0,0.0569,0.0284
MLBBL,Microfinance,"2,558,436.20","1,337.20",-1.24 %,2026/03/17 02:59:55,"2,019.00-1,285.00","1,429.45","1,416.72",-18.76%,"41.33                                                                    (FY:082-083, Q:2)",32.35,208.23,6.42,0.75                                                                    (FY:081-082),0,0,0,0.0000
RIDI,Hydro Power,"23,233,518.00",370.00,1.65 %,2026/03/17 02:59:58,380.10-203.50,247.18,255.39,61.57%,"3.25                                                                    (FY:082-083, Q:2)",113.85,101.62,3.64,,49.69,0.0572,0.0620,0.0596
LLBS,Microfinance,"4,416,621.00","1,010.00",0.5 %,2026/03/17 02:58:25,"1,300.50-865.00",971.80,978.26,-9.50%,"15.31                                                                    (FY:082-083, Q:2)",65.97,187.67,5.38,,0,0,0,0.0000
BARUN,Hydro Power,"11,225,324.30",376.00,2.59 %,2026/03/17 02:59:58,589.00-292.10,337.43,342.89,-26.75%,"3.87                                                                    (FY:082-083, Q:2)",97.16,112.81,3.33,0.25                                                                    (FY:081-082),11.43,0.7174,0.0683,0.3929
VLBS,Microfinance,"7,450,403.59",771.00,0.61 %,2026/03/17 02:56:35,"1,008.00-737.00",774.90,771.53,-10.14%,"-0.45                                                                    (FY:082-083, Q:2)","-1,713.33",165.41,4.66,,-0.50,0,0,0.0000
HLBSL,Microfinance,"3,410,860.36",947.50,0.16 %,2026/03/17 02:51:13,"1,100.00-837.00",918.57,919.74,-4.86%,"26.24                                                                    (FY:082-083, Q:2)",36.11,167.35,5.66,0.35                                                                    (FY:081-082),3.15,0,0.0575,0.0288
MATRI,Microfinance,"6,283,573.37",968.10,-0.81 %,2026/03/17 02:59:30,"1,347.00-904.00",977.65,975.91,-23.83%,"11.25                                                                    (FY:082-083, Q:2)",86.05,119.90,8.07,,-0.98,0,0.0341,0.0170
JSLBB,Microfinance,"1,700,919.00","1,165.00",-0.51 %,2026/03/17 02:41:31,"1,588.00-1,059.00","1,172.60","1,173.06",-22.65%,"11.80                                                                    (FY:082-083, Q:2)",98.73,170.87,6.82,,0,0,0,0.0000
API,Hydro Power,"63,797,242.00",341.00,2.4 %,2026/03/17 02:59:52,355.00-258.80,292.35,297.06,22.13%,"13.36                                                                    (FY:082-083, Q:2)",25.52,116.75,2.92,0.26                                                                    (FY:081-082),16.64,0.1455,0.0998,0.1226
NMBMF,Microfinance,"7,214,491.49",687.00,-0.43 %,2026/03/17 02:59:28,835.00-596.00,679.42,685.95,-6.06%,"9.67                                                                    (FY:082-083, Q:2)",71.04,140.61,4.89,,1.12,0.6192,0.0522,0.3357
GILB,Microfinance,"6,482,977.97","1,174.40",-1.31 %,2026/03/17 02:59:29,"1,441.60-1,100.00","1,196.01","1,194.57",-8.54%,"32.67                                                                    (FY:082-083, Q:2)",35.95,197.29,5.95,0.25                                                                    (FY:081-082),0,0,0,0.0000
SWMF,Microfinance,"11,062,862.96",694.00,0 %,2026/03/17 02:59:58,868.10-641.10,683.29,683.84,-8.12%,"21.18                                                                    (FY:082-083, Q:2)",32.77,146.33,4.74,,1.57,0.7670,0.0666,0.4168
MERO,Microfinance,"14,864,025.00",730.10,-0.67 %,2026/03/17 02:59:45,"1,000.00-668.00",754.76,745.79,-0.26%,"13.26                                                                    (FY:082-083, Q:2)",55.06,153.25,4.76,0.25                                                                    (FY:081-082),-3.27,0,0.0565,0.0283
HIDCL,Investment,"249,282,110.00",292.50,1.81 %,2026/03/17 02:59:55,340.00-245.00,266.47,266.81,6.95%,"3.23                                                                    (FY:082-083, Q:2)",90.56,112.02,2.61,2.00                                                                    (FY:081-082),9.77,0.5000,0.0855,0.2928
NGPL,Hydro Power,"38,784,300.00",459.00,2.8 %,2026/03/17 02:59:59,479.20-254.80,400.69,410.53,65.70%,"1.86                                                                    (FY:082-083, Q:2)",246.77,155.18,2.96,0.25                                                                    (FY:081-082),14.55,0.0900,0.0708,0.0804
GRDBL,Development Bank Limited,"6,155,000.00","1,109.00",0 %,2026/03/17 02:59:59,"1,668.40-944.00","1,107.37","1,129.96",-16.30%,"3.58                                                                    (FY:082-083, Q:2)",309.78,112.86,9.83,0.42                                                                    (FY:081-082),0,0,0,0.0000
NMFBS,Microfinance,"15,213,630.00","1,185.00",0.42 %,2026/03/17 02:59:58,"1,504.00-1,086.00","1,219.64","1,207.69",-7.13%,"48.21                                                                    (FY:082-083, Q:2)",24.58,245.37,4.83,0.75                                                                    (FY:081-082),0,0,0,0.0000
RSDC,Microfinance,"10,340,644.20",670.00,-0.59 %,2026/03/17 02:59:51,880.00-578.70,643.21,649.67,-6.93%,"14.83                                                                    (FY:082-083, Q:2)",45.18,125.15,5.35,8.00                                                                    (FY:081-082),4.17,0.6970,0.0551,0.3760
KKHC,Hydro Power,"9,314,286.00",294.00,0.68 %,2026/03/17 02:59:57,475.90-208.00,247.57,250.27,-18.11%,"-1.49                                                                    (FY:082-083, Q:2)",-197.32,89.12,3.30,,18.75,0.6790,0.0566,0.3678
DHPL,Hydro Power,"2,640,000.00",332.00,5.06 %,2026/03/17 02:59:52,423.00-265.00,298.58,301.40,-18.63%,"7.51                                                                    (FY:082-083, Q:2)",44.21,6.62,50.15,,11.19,0.5759,0.0221,0.2990
AKPL,Hydro Power,"38,959,421.00",299.50,3.31 %,2026/03/17 02:59:59,306.50-216.10,254.03,257.18,27.77%,"7.93                                                                    (FY:082-083, Q:2)",37.77,103.69,2.89,0.53                                                                    (FY:078-079),17.90,0.0774,0.0904,0.0839
FOWAD,Microfinance,"11,959,537.10","1,092.00",0 %,2026/03/17 02:59:58,"1,324.40-1,012.40","1,088.06","1,086.77",-12.22%,"31.98                                                                    (FY:082-083, Q:2)",34.15,234.69,4.65,,0,0,0,0.0000
SPDL,Hydro Power,"13,308,487.50",450.10,3.95 %,2026/03/17 02:59:53,465.00-308.90,407.77,410.10,34.36%,"8.35                                                                    (FY:082-083, Q:2)",53.90,116.93,3.85,0.53                                                                    (FY:081-082),10.38,0.0955,0.0668,0.0811
UMHL,Hydro Power,"12,305,000.00",630.00,0.8 %,2026/03/17 02:59:59,706.00-430.50,576.67,595.49,45.16%,"6.14                                                                    (FY:082-083, Q:2)",102.61,110.67,5.69,0.37                                                                    (FY:081-082),9.25,0.2759,0.0429,0.1594
SMATA,Microfinance,"6,605,041.40",811.30,-0.45 %,2026/03/17 02:59:56,"1,382.00-734.10",818.02,801.70,-2.66%,"17.12                                                                    (FY:082-083, Q:2)",47.39,135.74,5.98,0.26                                                                    (FY:081-082),-0.82,0,0.0503,0.0251
CHL,Hydro Power,"7,739,550.00",317.00,1.93 %,2026/03/17 02:59:52,551.00-223.40,266.60,274.63,-39.50%,"6.03                                                                    (FY:082-083, Q:2)",52.57,85.59,3.70,0.26                                                                    (FY:076-077),18.90,0.7143,0.0693,0.3918
HPPL,Hydro Power,"10,654,170.00",508.00,-0.41 %,2026/03/17 02:59:58,711.00-411.10,476.45,476.71,-11.81%,"20.10                                                                    (FY:082-083, Q:2)",25.27,126.02,4.03,,6.62,0.6769,0.0813,0.3791
MSLB,Microfinance,"3,874,948.66","1,389.00",6.44 %,2026/03/17 02:59:20,"1,710.00-1,130.20","1,360.28","1,355.50",2.21%,"36.14                                                                    (FY:082-083, Q:2)",38.43,196.86,7.06,0.25                                                                    (FY:081-082),0,0,0,0.0000
NHDL,Hydro Power,"4,231,340.00",671.00,-1.03 %,2026/03/17 02:59:09,882.30-623.00,679.91,682.17,-20.97%,"21.15                                                                    (FY:082-083, Q:2)",31.73,121.76,5.51,0.47                                                                    (FY:081-082),-1.31,0.8149,0.0615,0.4382
SMB,Microfinance,"1,340,755.80","1,900.00",-0.26 %,2026/03/17 02:59:59,"2,800.00-1,710.10","2,012.61","1,954.36",-29.18%,"47.37                                                                    (FY:082-083, Q:2)",40.11,181.29,10.48,0.50                                                                    (FY:081-082),0,0,0,0.0000
USLB,Microfinance,"2,468,657.36","1,467.00",0.2 %,2026/03/17 02:59:47,"2,750.00-1,393.00","1,638.56","1,525.38",-13.45%,"17.04                                                                    (FY:082-083, Q:2)",86.09,159.37,9.20,,0,0,0,0.0000
RADHI,Hydro Power,"18,389,793.17",882.00,-0.68 %,2026/03/17 02:59:53,940.00-373.00,775.50,796.22,126.21%,"32.46                                                                    (FY:082-083, Q:2)",27.17,171.02,5.16,0.25                                                                    (FY:080-081),13.73,0.1023,0.0682,0.0852
WNLB,Microfinance,"843,405.50","1,560.00",-1.27 %,2026/03/17 02:59:50,"3,562.00-1,242.10","1,795.89","1,702.10",-49.74%,"-20.94                                                                    (FY:082-083, Q:2)",-74.50,127.25,12.26,,0,0,0,0.0000
NADEP,Microfinance,"4,857,600.00",792.00,-0.63 %,2026/03/17 02:59:58,"1,046.00-696.00",781.50,790.08,-12.49%,"15.52                                                                    (FY:082-083, Q:2)",51.03,157.36,5.03,,1.34,0,0.0554,0.0277
PMHPL,Hydro Power,"11,000,000.00",387.00,1.31 %,2026/03/17 02:59:51,468.00-272.00,335.16,338.86,29.00%,"15.26                                                                    (FY:082-083, Q:2)",25.36,84.95,4.56,,15.47,0.4133,0.0754,0.2444
KPCL,Hydro Power,"9,993,259.65",541.00,-1.1 %,2026/03/17 02:59:58,711.00-491.00,551.46,545.91,-0.92%,"15.02                                                                    (FY:082-083, Q:2)",36.02,113.65,4.76,0.37                                                                    (FY:081-082),-1.90,0.7727,0.0642,0.4185
AKJCL,Hydro Power,"20,000,000.00",411.70,3.96 %,2026/03/17 02:59:59,417.80-172.90,239.55,259.81,98.31%,"4.63                                                                    (FY:082-083, Q:2)",88.92,92.82,4.44,,71.86,0.0249,0.0540,0.0394
JOSHI,Hydro Power,"6,128,100.00",316.00,1.61 %,2026/03/17 02:59:55,487.00-254.00,304.52,304.54,-17.49%,"-7.17                                                                    (FY:082-083, Q:2)",-44.07,67.88,4.66,,3.77,0.7339,0.0248,0.3794
ACLBSL,Microfinance,"3,671,434.09",990.00,0.51 %,2026/03/17 02:59:37,"1,240.00-900.00",978.73,968.52,-11.21%,"32.57                                                                    (FY:082-083, Q:2)",30.40,169.98,5.82,,1.15,0,0.0607,0.0303
UPPER,Hydro Power,"211,800,000.00",219.10,2.86 %,2026/03/17 02:59:59,225.00-166.00,182.61,183.67,7.51%,"9.41                                                                    (FY:082-083, Q:2)",23.28,50.04,4.38,,19.98,0.1000,0.0800,0.0900
SLBSL,Microfinance,"1,708,050.00","1,344.80",-0.16 %,2026/03/17 02:59:59,"2,530.40-1,234.50","1,341.55","1,321.96",-47.92%,"39.01                                                                    (FY:082-083, Q:2)",34.47,97.12,13.85,,0,0,0,0.0000
GHL,Hydro Power,"16,500,000.00",283.20,5.71 %,2026/03/17 02:59:59,311.00-197.10,223.26,227.01,-4.87%,"-2.06                                                                    (FY:082-083, Q:2)",-137.48,95.65,2.96,,26.85,0.2441,0.0617,0.1529
ALBSL,Microfinance,"8,026,856.80","1,140.00",-0.34 %,2026/03/17 02:59:59,"1,250.00-771.00","1,096.42","1,136.59",33.65%,"31.29                                                                    (FY:082-083, Q:2)",36.43,158.08,7.21,0.50                                                                    (FY:081-082),0,0,0,0.0000
SHIVM,Manufacturing And Processing,"55,932,287.13",651.00,-0.15 %,2026/03/17 02:59:59,709.00-495.00,603.25,609.57,20.91%,"12.77                                                                    (FY:082-083, Q:2)",50.98,180.38,3.61,10.00                                                                    (FY:081-082),7.92,0.2710,0.0711,0.1711
UPCL,Hydro Power,"24,851,236.18",415.20,1 %,2026/03/17 02:59:59,489.00-277.50,373.27,374.28,37.94%,"6.74                                                                    (FY:082-083, Q:2)",61.60,106.07,3.91,0.47                                                                    (FY:081-082),11.23,0.3489,0.0641,0.2065
MHNL,Hydro Power,"12,500,000.00",307.70,4.77 %,2026/03/17 02:59:59,307.70-226.00,255.53,260.07,15.24%,"1.14                                                                    (FY:082-083, Q:2)",269.91,31.16,9.87,,20.42,-0.0000,0.0232,0.0116
PPCL,Hydro Power,"9,625,000.00",425.00,-1.39 %,2026/03/17 02:59:58,438.50-284.10,346.74,359.82,33.65%,"18.80                                                                    (FY:082-083, Q:2)",22.61,99.20,4.28,,22.57,0.0874,0.0821,0.0848
GMFBS,Microfinance,"1,515,545.32","1,446.90",-1.44 %,2026/03/17 02:57:14,"1,871.00-1,385.10","1,515.26","1,499.76",-15.88%,"-4.71                                                                    (FY:082-083, Q:2)",-307.20,185.26,7.81,1.00                                                                    (FY:077-078),0,0,0,0.0000
HURJA,Hydro Power,"19,800,000.00",302.70,2.85 %,2026/03/17 02:59:58,310.00-204.60,235.53,241.54,23.05%,"10.56                                                                    (FY:082-083, Q:2)",28.66,95.84,3.16,,28.52,0.0693,0.0912,0.0803
GLBSL,Microfinance,"1,323,580.54","1,926.00",-0.21 %,2026/03/17 02:59:50,"3,232.00-1,838.60","2,007.74","1,973.80",-31.97%,"40.22                                                                    (FY:082-083, Q:2)",47.89,159.33,12.09,0.75                                                                    (FY:081-082),0,0,0,0.0000
SMFBS,Microfinance,"1,534,455.09","1,664.00",-0.54 %,2026/03/17 02:59:52,"2,026.00-1,490.00","1,676.43","1,684.04",-11.54%,"38.11                                                                    (FY:082-083, Q:2)",43.66,206.18,8.07,0.50                                                                    (FY:081-082),0,0,0,0.0000
UNHPL,Hydro Power,"7,500,000.00",500.00,0.26 %,2026/03/17 02:59:55,554.70-290.00,493.23,489.93,54.80%,"7.03                                                                    (FY:082-083, Q:2)",71.12,104.17,4.80,,1.37,0.2066,0.0529,0.1298
ILBS,Microfinance,"4,974,159.42",969.90,-0.06 %,2026/03/17 02:59:57,"1,311.00-795.20","1,051.81","1,008.05",-1.33%,"24.07                                                                    (FY:082-083, Q:2)",40.29,136.88,7.09,1.46                                                                    (FY:077-078),0,0,0.0481,0.0240
RHPL,Hydro Power,"68,421,000.00",304.80,-0.07 %,2026/03/17 02:59:44,457.00-252.30,278.21,280.44,-23.80%,"-31.61                                                                    (FY:082-083, Q:2)",-9.64,72.34,4.21,,9.56,0.7435,-0.0355,0.3540
SJCL,Hydro Power,"36,500,000.00",313.90,0.29 %,2026/03/17 02:59:49,353.20-267.00,291.29,294.56,-5.82%,"5.95                                                                    (FY:082-083, Q:2)",52.76,84.49,3.72,,7.76,0.4559,0.0689,0.2624
SAPDBL,Development Bank Limited,"8,343,384.32",877.60,2.88 %,2026/03/17 02:59:57,"1,284.00-686.00",830.31,839.33,-25.31%,"6.43                                                                    (FY:082-083, Q:2)",136.49,75.96,11.55,5.04                                                                    (FY:074-075),5.70,0,0.0232,0.0116
HDHPC,Hydro Power,"28,000,000.00",255.00,5.59 %,2026/03/17 02:59:59,258.00-162.00,187.32,191.55,25.68%,"-4.32                                                                    (FY:082-083, Q:2)",-59.03,75.21,3.39,,36.13,0.0312,0.0454,0.0383
NRIC,Others,"134,221,870.78","1,243.90",0.15 %,2026/03/17 02:59:33,"1,842.00-1,146.00","1,303.85","1,281.44",-3.50%,"7.71                                                                    (FY:081-082, Q:4)",161.34,152.94,8.13,,0,0,0,0.0000
NICLBSL,Microfinance,"17,394,400.00",585.00,0.03 %,2026/03/17 02:59:38,764.00-535.00,563.16,566.07,-12.03%,"2.16                                                                    (FY:082-083, Q:2)",270.83,122.30,4.78,,3.88,0.7817,0.0448,0.4132
SMPDA,Microfinance,"7,008,583.45",891.40,0.95 %,2026/03/17 02:58:53,"1,155.00-840.00",895.71,891.13,-5.17%,"24.55                                                                    (FY:082-083, Q:2)",36.31,158.15,5.64,,-0.48,0,0.0575,0.0288
NRN,Investment,"17,981,212.00","1,508.00",-0.11 %,2026/03/17 02:59:59,"2,444.00-1,327.00","1,652.57","1,528.86",7.33%,"-0.59                                                                    (FY:082-083, Q:2)","-2,555.93",174.49,8.64,2.11                                                                    (FY:081-082),0,0,0,0.0000
LEC,Hydro Power,"22,500,000.00",262.90,7.53 %,2026/03/17 02:59:56,265.90-180.00,206.33,209.23,22.51%,"-0.78                                                                    (FY:082-083, Q:2)",-337.05,69.32,3.79,,27.42,0.0349,0.0504,0.0427
SSHL,Hydro Power,"29,528,000.00",238.80,8.1 %,2026/03/17 02:59:59,313.80-151.00,175.61,176.85,2.36%,"-1.56                                                                    (FY:082-083, Q:2)",-153.08,56.69,4.21,,35.98,0.4607,0.0423,0.2515
SGIC,Non-Life Insurance,"21,500,000.00",499.00,0.56 %,2026/03/17 02:59:51,684.00-439.00,478.39,479.07,-26.41%,"-8.92                                                                    (FY:082-083, Q:2)",-55.94,145.61,3.43,0.26                                                                    (FY:081-082),4.31,0.7551,0.0440,0.3996
MEN,Hydro Power,"31,232,588.50",616.00,0.02 %,2026/03/17 02:59:38,683.40-535.00,601.07,593.54,4.23%,"34.67                                                                    (FY:082-083, Q:2)",17.77,142.68,4.32,1.05                                                                    (FY:081-082),2.48,0.4542,0.0913,0.2727
UMRH,Hydro Power,"4,838,652.00",583.00,0.03 %,2026/03/17 02:59:35,675.00-526.00,561.75,561.78,-8.19%,"19.94                                                                    (FY:082-083, Q:2)",29.24,115.45,5.05,0.26                                                                    (FY:081-082),3.78,0.6174,0.0670,0.3422
PMLI,Life Insurance,"53,077,939.20",508.00,-0.97 %,2026/03/17 02:59:55,598.00-445.00,493.92,500.69,-13.46%,"5.02                                                                    (FY:082-083, Q:2)",101.20,113.02,4.49,4.42                                                                    (FY:081-082),2.85,0.5882,0.0524,0.3203
CGH,Hotels And Tourism,"16,107,956.00",851.20,-0.32 %,2026/03/17 02:59:37,"1,150.00-800.20",868.90,866.05,-4.19%,"-5.84                                                                    (FY:082-083, Q:2)",-145.75,102.87,8.27,0.26                                                                    (FY:081-082),-2.04,0,0.0187,0.0094
NIFRA,Investment,"216,000,000.00",281.90,1.48 %,2026/03/17 02:59:57,328.10-249.90,268.30,268.56,3.18%,"3.80                                                                    (FY:082-083, Q:2)",74.18,114.75,2.46,6.32                                                                    (FY:081-082),5.07,0.5908,0.0921,0.3414
GLH,Hydro Power,"18,000,000.00",310.00,0.32 %,2026/03/17 02:59:59,328.20-227.40,260.24,261.34,25.25%,"2.09                                                                    (FY:082-083, Q:2)",148.33,110.77,2.80,,19.12,0.1806,0.0768,0.1287
MLBSL,Microfinance,"2,175,625.00","1,907.00",0.9 %,2026/03/17 02:59:57,"2,435.50-1,808.40","1,976.40","1,946.07",-16.36%,"33.06                                                                    (FY:082-083, Q:2)",57.68,258.10,7.39,,0,0,0,0.0000
SHEL,Hydro Power,"30,450,000.00",338.00,2.15 %,2026/03/17 02:59:59,350.00-241.10,290.30,292.34,29.06%,"12.93                                                                    (FY:082-083, Q:2)",26.14,114.57,2.95,,16.43,0.1102,0.0984,0.1043
RURU,Hydro Power,"6,240,544.20",680.00,-1.31 %,2026/03/17 02:59:54,853.00-640.00,705.80,696.16,-11.11%,"16.90                                                                    (FY:082-083, Q:2)",40.24,141.30,4.81,5.79                                                                    (FY:081-082),-3.66,0.8122,0.0615,0.4369
CHDC,Investment,"10,342,370.61","2,509.00",-0.24 %,2026/03/17 02:59:59,"2,997.90-1,990.00","2,340.09","2,368.26",11.76%,"61.03                                                                    (FY:082-083, Q:2)",41.11,240.87,10.42,0.58                                                                    (FY:078-079),0,0,0,0.0000
JBLB,Microfinance,"17,512,355.70","1,366.00",0.07 %,2026/03/17 02:57:50,"1,644.00-1,270.70","1,401.56","1,398.23",0.00%,"44.43                                                                    (FY:082-083, Q:2)",30.74,255.40,5.35,0.74                                                                    (FY:081-082),0,0,0,0.0000
SRLI,Life Insurance,"50,149,240.56",404.80,-0.3 %,2026/03/17 02:59:24,451.10-363.90,394.57,398.41,-3.85%,"11.01                                                                    (FY:082-083, Q:2)",36.77,108.26,3.74,10.18                                                                    (FY:081-082),2.59,0.5310,0.0752,0.3031
MKJC,Hydro Power,"3,763,198.00",547.80,0.68 %,2026/03/17 02:59:51,635.00-475.50,542.92,530.53,-2.54%,"9.40                                                                    (FY:082-083, Q:2)",58.28,106.21,5.16,0.12                                                                    (FY:079-080),0.90,0.5467,0.0525,0.2996
MLBS,Microfinance,"1,093,750.00","1,465.00",0.96 %,2026/03/17 02:59:21,"1,960.00-1,395.00","1,490.35","1,472.45",-24.41%,"16.22                                                                    (FY:082-083, Q:2)",90.32,137.81,10.63,,0,0,0,0.0000
SAHAS,Hydro Power,"45,738,000.00",616.00,0.67 %,2026/03/17 02:59:43,705.00-483.30,589.71,568.12,21.02%,"39.57                                                                    (FY:082-083, Q:2)",15.57,170.72,3.61,1.11                                                                    (FY:081-082),4.46,0.4014,0.1068,0.2541
TPC,Hydro Power,"8,000,000.00",419.50,-0.59 %,2026/03/17 02:59:59,616.00-270.10,356.20,372.95,-24.00%,"16.54                                                                    (FY:082-083, Q:2)",25.36,100.85,4.16,,17.77,0.5681,0.0796,0.3239
SPC,Hydro Power,"5,000,000.00",524.80,0.15 %,2026/03/17 02:59:01,591.00-441.00,499.07,510.61,-6.79%,"-1.98                                                                    (FY:082-083, Q:2)",-265.05,105.93,4.95,,5.16,0.4413,0.0374,0.2394
NYADI,Hydro Power,"15,000,000.00",450.00,6.16 %,2026/03/17 02:59:59,663.90-354.00,398.23,399.03,-23.73%,"15.46                                                                    (FY:082-083, Q:2)",29.11,73.84,6.09,,13.00,0.6902,0.0603,0.3753
MBJC,Hydro Power,"60,000,000.00",309.80,0.32 %,2026/03/17 02:59:58,371.00-270.00,287.57,288.62,-6.71%,"2.04                                                                    (FY:082-083, Q:2)",151.86,94.44,3.28,,7.73,0.6059,0.0662,0.3361
BNHC,Hydro Power,"8,000,000.00",370.80,0.22 %,2026/03/17 02:59:55,613.80-313.10,446.08,447.40,-29.51%,"5.12                                                                    (FY:082-083, Q:2)",72.42,91.79,4.04,,-16.88,0.8081,0.0606,0.4344
ENL,Investment,"5,556,000.00",929.00,-0.64 %,2026/03/17 02:59:59,"1,289.80-866.00",922.47,918.24,-17.42%,"6.15                                                                    (FY:082-083, Q:2)",151.06,110.46,8.41,5.26                                                                    (FY:081-082),0.71,0,0.0291,0.0146
NESDO,Microfinance,"2,913,375.00","1,575.00",-0.91 %,2026/03/17 02:59:49,"1,900.00-1,380.10","1,518.91","1,524.33",-16.97%,"63.99                                                                    (FY:082-083, Q:2)",24.61,269.94,5.83,,0,0,0,0.0000
GVL,Hydro Power,"34,375,000.00",510.00,-0.1 %,2026/03/17 02:59:59,662.00-424.00,511.15,512.10,3.03%,"27.16                                                                    (FY:082-083, Q:2)",18.78,124.97,4.08,0.53                                                                    (FY:080-081),-0.22,0.6387,0.0916,0.3652
BHL,Hydro Power,"36,559,400.00",254.00,4.74 %,2026/03/17 02:59:59,345.00-164.00,189.25,192.06,-25.07%,"12.48                                                                    (FY:082-083, Q:2)",20.35,80.85,3.14,,34.21,0.5028,0.1030,0.3029
ULBSL,Microfinance,"1,061,482.00","3,248.00",-1.25 %,2026/03/17 02:59:04,"4,325.00-2,931.00","3,530.55","3,447.19",-14.07%,"27.06                                                                    (FY:082-083, Q:2)",120.03,275.33,11.80,,0,0,0,0.0000
CYCL,Microfinance,"2,664,243.90","1,600.00",-0.25 %,2026/03/17 02:58:25,"2,040.00-1,462.00","1,557.41","1,552.17",-1.72%,"27.99                                                                    (FY:082-083, Q:2)",57.16,268.72,5.95,0.67                                                                    (FY:081-082),0,0,0,0.0000
RFPL,Hydro Power,"14,000,000.00",411.00,0.24 %,2026/03/17 02:59:59,785.00-306.00,374.31,387.96,-43.00%,"4.62                                                                    (FY:082-083, Q:2)",88.96,119.39,3.44,,9.80,0.7808,0.0671,0.4240
DORDI,Hydro Power,"21,085,208.00",314.90,4.1 %,2026/03/17 02:59:58,450.00-213.10,263.80,273.65,-20.28%,"0.69                                                                    (FY:082-083, Q:2)",456.38,105.22,2.99,,19.37,0.5703,0.0686,0.3195
BHDC,Hydro Power,"11,862,900.00",501.10,0.22 %,2026/03/17 02:59:57,706.00-426.00,501.25,483.75,-18.72%,"18.89                                                                    (FY:082-083, Q:2)",26.53,121.91,4.11,0.26                                                                    (FY:081-082),-0.03,0.7318,0.0788,0.4053
HHL,Hydro Power,"10,950,000.00",383.10,1.89 %,2026/03/17 02:59:51,545.00-310.70,337.77,338.33,-24.88%,"10.78                                                                    (FY:082-083, Q:2)",35.54,83.35,4.60,,13.42,0.6910,0.0660,0.3785
UHEWA,Hydro Power,"5,750,000.00",631.20,-2.26 %,2026/03/17 02:59:53,930.00-508.50,575.90,579.11,-28.27%,"25.92                                                                    (FY:082-083, Q:2)",24.35,127.59,4.95,0.79                                                                    (FY:081-082),9.60,0.7089,0.0733,0.3911
SGHC,Hydro Power,"15,930,000.00",416.00,1.46 %,2026/03/17 02:59:26,564.00-296.00,383.27,405.44,-18.43%,"20.00                                                                    (FY:082-083, Q:2)",20.80,82.53,5.04,,8.54,0.5522,0.0781,0.3152
MHL,Hydro Power,"6,467,670.85",562.90,0.16 %,2026/03/17 02:59:58,792.90-445.00,497.57,506.34,-24.85%,"11.14                                                                    (FY:082-083, Q:2)",50.53,112.66,5.00,,13.13,0.6611,0.0558,0.3584
USHEC,Hydro Power,"13,500,000.00",524.20,3.82 %,2026/03/17 02:59:56,680.00-410.00,471.94,474.71,-16.91%,"28.69                                                                    (FY:082-083, Q:2)",18.27,118.12,4.44,,11.07,0.5770,0.0888,0.3329
RHGCL,Hydro Power,"12,255,876.00",323.00,5.94 %,2026/03/17 02:59:58,640.00-217.20,263.87,270.29,-49.13%,"0.02                                                                    (FY:082-083, Q:2)","16,150.00",95.75,3.37,,22.41,0.7498,0,0.3749
AVYAN,Microfinance,"2,500,000.00","1,087.90",0.92 %,2026/03/17 02:59:58,"1,225.00-906.00",977.51,971.06,-1.90%,"61.89                                                                    (FY:082-083, Q:2)",17.58,149.39,7.28,,0,0,0,0.0000
SPHL,Hydro Power,"3,000,000.00",579.80,1.74 %,2026/03/17 02:49:27,826.00-477.10,544.25,556.31,-26.61%,"10.58                                                                    (FY:082-083, Q:2)",54.80,96.13,6.03,,6.53,0.7056,0.0478,0.3767
PPL,Hydro Power,"9,489,000.00",400.00,1.78 %,2026/03/17 02:59:58,569.20-263.20,343.28,354.03,-24.06%,"-0.47                                                                    (FY:082-083, Q:2)",-851.06,104.65,3.82,,16.52,0.5529,0.0514,0.3021
DLBS,Microfinance,"1,331,000.00","1,349.00",0 %,2026/03/17 02:59:50,"1,684.00-1,240.00","1,345.68","1,345.88",-13.53%,"18.38                                                                    (FY:082-083, Q:2)",73.39,179.13,7.53,,0,0,0,0.0000
SIKLES,Hydro Power,"9,775,000.00",662.80,1.04 %,2026/03/17 02:59:59,"1,220.00-540.00",626.42,612.82,-44.67%,"21.68                                                                    (FY:082-083, Q:2)",30.57,110.94,5.97,0.79                                                                    (FY:081-082),5.81,0,0.0597,0.0299
EHPL,Hydro Power,"6,200,000.00",455.90,1.99 %,2026/03/17 02:59:59,794.00-385.00,434.73,422.13,-42.36%,"9.91                                                                    (FY:082-083, Q:2)",46.00,77.86,5.86,,4.87,0.8267,0.0515,0.4391
SHLB,Microfinance,"1,093,750.00","1,621.00",-0.55 %,2026/03/17 02:59:55,"2,349.00-1,535.10","1,704.40","1,647.89",-28.46%,"-36.73                                                                    (FY:082-083, Q:2)",-44.13,240.02,6.75,,0,0,0,0.0000
PHCL,Hydro Power,"32,000,000.00",344.90,0.85 %,2026/03/17 02:59:59,654.30-249.70,310.68,286.45,-45.17%,"0.16                                                                    (FY:082-083, Q:2)","2,155.63",100.19,3.44,,11.01,0.7647,0,0.3824
BHPL,Hydro Power,"2,500,000.00",598.00,0.67 %,2026/03/17 02:59:53,"1,308.40-503.10",614.05,585.09,-43.90%,"1.86                                                                    (FY:082-083, Q:2)",321.51,51.12,11.70,,-2.61,0,0.0196,0.0098
UNLB,Microfinance,"1,485,750.00","1,889.00",1.83 %,2026/03/17 02:59:55,"2,480.00-1,810.00","1,941.20","1,913.90",-18.93%,"62.31                                                                    (FY:082-083, Q:2)",30.32,244.51,7.73,1.00                                                                    (FY:079-080),0,0,0,0.0000
SMHL,Hydro Power,"23,152,500.00",527.00,2.13 %,2026/03/17 02:59:59,"1,230.00-443.00",660.08,594.98,-46.96%,"17.79                                                                    (FY:082-083, Q:2)",29.62,115.01,4.58,0.26                                                                    (FY:081-082),-20.16,0,0.0707,0.0353
SPL,Hydro Power,"2,000,000.00",745.00,-1.05 %,2026/03/17 02:59:54,"1,035.00-696.30",869.97,842.95,-16.53%,"12.42                                                                    (FY:082-083, Q:2)",59.98,101.20,7.36,,-14.36,0,0.0405,0.0203
SMH,Hydro Power,"6,420,000.00",630.00,-0.32 %,2026/03/17 02:59:47,"1,036.00-603.00",758.97,741.43,-37.49%,"21.46                                                                    (FY:082-083, Q:2)",29.36,119.91,5.25,1.11                                                                    (FY:081-082),-16.99,0,0.0653,0.0326
MKHC,Hydro Power,"10,000,000.00",354.00,0 %,2026/03/17 02:59:53,564.00-310.70,362.90,358.44,-35.99%,"8.76                                                                    (FY:082-083, Q:2)",40.41,64.61,5.48,,-2.45,0.8291,0.0563,0.4427
AHL,Hydro Power,"3,400,000.00",529.00,-1.49 %,2026/03/17 02:59:25,765.80-462.60,583.70,565.51,-24.96%,"-17.00                                                                    (FY:082-083, Q:2)",-31.12,77.34,6.84,,-9.37,0.7810,0.0035,0.3922
KDL,Hotels And Tourism,"6,300,000.00",890.00,0 %,2026/03/17 02:59:56,"1,212.00-770.00",888.51,873.35,-23.21%,"3.81                                                                    (FY:082-083, Q:2)",233.60,106.97,8.32,0.26                                                                    (FY:081-082),0.17,0,0.0275,0.0138
TAMOR,Hydro Power,"33,325,000.00",424.00,0.47 %,2026/03/17 02:59:47,576.00-409.00,457.31,450.68,-20.75%,"10.86                                                                    (FY:082-083, Q:2)",39.04,115.57,3.67,,-7.28,0.9102,0.0750,0.4926
MHCL,Hydro Power,"8,025,000.00",383.00,0 %,2026/03/17 02:59:33,564.00-325.00,392.85,389.11,-31.24%,"16.81                                                                    (FY:082-083, Q:2)",22.78,88.49,4.33,,-2.51,0.7573,0.0813,0.4193
SMJC,Hydro Power,"11,732,000.00",498.50,1.12 %,2026/03/17 02:59:25,679.30-464.00,501.36,497.12,-20.62%,"3.85                                                                    (FY:082-083, Q:2)",129.48,107.73,4.63,0.25                                                                    (FY:080-081),-0.57,0.8398,0.0494,0.4446
ANLB,Microfinance,"783,432.80","6,500.00",0.78 %,2026/03/17 01:06:57,"6,800.00-4,905.10","6,208.61","6,188.92",27.45%,"77.90                                                                    (FY:082-083, Q:2)",83.44,428.75,15.16,0.75                                                                    (FY:080-081),0,0,0,0.0000
MAKAR,Hydro Power,"7,600,000.00",544.90,-0.55 %,2026/03/17 02:59:57,802.00-515.00,557.24,553.27,-27.05%,"21.06                                                                    (FY:082-083, Q:2)",25.87,114.85,4.74,,-2.21,0.8958,0.0731,0.4845
MKHL,Hydro Power,"3,921,568.00",813.00,-0.49 %,2026/03/17 02:59:11,"1,027.00-652.00",793.61,810.24,16.98%,"-3.24                                                                    (FY:082-083, Q:2)",-250.93,99.34,8.18,10.00                                                                    (FY:078-079),2.44,0,0.0213,0.0106
DOLTI,Hydro Power,"5,364,860.00",519.90,-1.7 %,2026/03/17 02:59:35,742.00-470.60,521.31,522.40,-22.63%,"3.25                                                                    (FY:082-083, Q:2)",159.97,59.55,8.73,,-0.27,0.8183,0.0279,0.4231
BEDC,Hydro Power,"5,440,534.00",538.50,1.22 %,2026/03/17 02:59:56,960.00-500.00,559.68,540.30,-34.65%,"1.08                                                                    (FY:082-083, Q:2)",498.61,48.52,11.10,,-3.78,0.9163,0.0196,0.4679
CITY,Hotels And Tourism,"30,132,000.00",491.00,0.45 %,2026/03/17 02:59:53,998.40-461.00,509.69,495.07,-44.02%,"-6.70                                                                    (FY:082-083, Q:2)",-73.28,98.53,4.98,,-3.67,0.9442,0.0292,0.4867
MCHL,Hydro Power,"5,425,833.00",422.00,0 %,2026/03/17 02:59:54,641.00-392.00,462.00,448.51,-28.84%,"5.29                                                                    (FY:082-083, Q:2)",79.77,-21.92,-19.25,,-8.66,0.8795,-0.0004,0.4395
IHL,Hydro Power,"6,000,000.00",523.50,-0.29 %,2026/03/17 02:59:26,718.00-490.00,546.48,553.22,-24.67%,"4.50                                                                    (FY:082-083, Q:2)",116.33,98.02,5.34,,-4.21,0.8531,0.0443,0.4487
MEL,Hydro Power,"29,000,000.00",300.00,2.42 %,2026/03/17 02:59:49,350.00-255.00,282.96,283.94,-10.93%,"-4.31                                                                    (FY:082-083, Q:2)",-69.61,58.80,5.10,,6.02,0.5263,0.0277,0.2770
RAWA,Hydro Power,"2,800,000.00",720.00,0.56 %,2026/03/17 02:59:59,940.00-686.00,730.57,730.32,-18.64%,"16.04                                                                    (FY:082-083, Q:2)",44.89,83.18,8.66,,-1.45,0.8661,0.0409,0.4535
NRM,Others,"9,675,000.00",435.10,1.12 %,2026/03/17 02:59:58,590.00-390.10,427.94,430.10,-13.50%,"-3.64                                                                    (FY:082-083, Q:2)",-119.53,87.00,5.00,,1.67,0.7749,0.0333,0.4041
ILI,Life Insurance,"50,000,000.00",452.00,-0.22 %,2026/03/17 02:59:45,500.00-405.00,448.37,451.19,-5.93%,"10.83                                                                    (FY:082-083, Q:2)",41.74,129.16,3.50,10.53                                                                    (FY:081-082),0.81,0.5053,0.0763,0.2908
USHL,Hydro Power,"2,200,000.00",725.00,-0.67 %,2026/03/17 02:59:59,945.00-588.00,763.26,781.31,-4.47%,"4.63                                                                    (FY:082-083, Q:2)",156.59,94.15,7.70,,-5.01,0.6162,0.0311,0.3236
GCIL,Manufacturing And Processing,"50,244,542.70",440.10,0.02 %,2026/03/17 02:59:45,579.00-400.00,431.71,429.56,-21.27%,"-10.54                                                                    (FY:082-083, Q:2)",-41.76,166.58,2.64,0.53                                                                    (FY:081-082),1.94,0.7760,0.0566,0.4163
TSHL,Hydro Power,"4,925,000.00",774.90,0.77 %,2026/03/17 02:59:59,989.00-616.80,744.14,750.86,-7.64%,"-4.60                                                                    (FY:082-083, Q:2)",-168.46,65.57,11.82,,4.13,0.5752,0.0122,0.2937
KBSH,Hydro Power,"1,474,596.80","1,700.00",0 %,2026/03/17 02:51:50,"2,625.00-1,618.00","1,747.00","1,723.30",-30.84%,"11.29                                                                    (FY:082-083, Q:2)",150.58,137.96,12.32,0.53                                                                    (FY:081-082),0,0,0,0.0000
RNLI,Life Insurance,"51,968,000.00",480.00,0 %,2026/03/17 02:59:24,586.50-416.00,471.59,475.95,-16.52%,"15.24                                                                    (FY:082-083, Q:2)",31.50,144.97,3.31,12.00                                                                    (FY:081-082),1.78,0.6246,0.0858,0.3552
SNLI,Life Insurance,"52,827,878.30",479.10,0.42 %,2026/03/17 02:59:45,706.80-411.60,473.99,482.51,-30.87%,"10.81                                                                    (FY:082-083, Q:2)",44.32,145.03,3.30,15.26                                                                    (FY:081-082),1.08,0.7713,0.0787,0.4250
MEHL,Hydro Power,"8,000,000.00",482.00,1.47 %,2026/03/17 02:58:54,603.00-372.40,435.90,447.50,-16.90%,"4.66                                                                    (FY:082-083, Q:2)",103.43,62.93,7.66,,10.58,0.5247,0.0338,0.2792
ULHC,Hydro Power,"5,098,040.00",571.40,4.27 %,2026/03/17 02:59:53,599.00-411.70,477.52,489.30,8.22%,"-0.06                                                                    (FY:081-082, Q:3)","-9,523.33",98.27,5.81,,19.66,0.1474,0,0.0737
CLI,Life Insurance,"50,000,000.00",478.70,-0.27 %,2026/03/17 02:59:37,540.00-411.00,472.03,479.23,-9.93%,"9.26                                                                    (FY:082-083, Q:2)",51.70,126.52,3.78,20.00                                                                    (FY:081-082),1.41,0.4752,0.0684,0.2718
MANDU,Hydro Power,"13,636,370.00",821.60,-0.77 %,2026/03/17 02:59:54,970.00-766.50,809.79,811.12,-9.32%,"26.85                                                                    (FY:082-083, Q:2)",30.60,152.82,5.38,,1.46,0.7292,0.0633,0.3962
HATHY,Investment,"31,711,680.00",926.00,-0.75 %,2026/03/17 02:59:14,"1,469.80-875.50",925.71,915.86,-30.84%,"1.23                                                                    (FY:082-083, Q:2)",752.85,67.38,13.74,0.63                                                                    (FY:081-082),0.03,0,0.0156,0.0078
BGWT,Hydro Power,"6,782,399.00",770.00,0.13 %,2026/03/17 02:59:58,"1,110.00-730.70",782.07,771.35,-27.35%,"9.22                                                                    (FY:082-083, Q:2)",83.51,108.91,7.07,6.00                                                                    (FY:081-082),-1.54,0,0.0379,0.0190
MSHL,Hydro Power,"8,606,600.00",807.10,1.51 %,2026/03/17 02:58:20,979.00-782.00,866.83,850.64,-15.56%,"17.34                                                                    (FY:082-083, Q:2)",46.55,126.20,6.40,0.79                                                                    (FY:081-082),-6.89,0.8726,0.0484,0.4605
SONA,Manufacturing And Processing,"30,750,500.00",456.00,-0.44 %,2026/03/17 02:59:52,523.30-398.00,428.10,431.02,-4.00%,"3.09                                                                    (FY:082-083, Q:2)",147.57,191.42,2.38,,6.52,0.5371,0.0895,0.3133
MMKJL,Hydro Power,"10,000,000.00",573.00,-0.35 %,2026/03/17 02:59:20,735.00-528.20,599.36,593.84,-21.86%,"17.13                                                                    (FY:082-083, Q:2)",33.45,98.04,5.84,,-4.40,0.7834,0.0582,0.4208
TVCL,Hydro Power,"18,525,000.00",624.00,-0.87 %,2026/03/17 02:59:47,689.00-377.60,471.77,489.44,16.64%,"-6.75                                                                    (FY:082-083, Q:2)",-92.44,80.67,7.74,,32.27,0.2087,0.0172,0.1129
VLUCL,Hydro Power,"19,125,000.00",587.50,1.63 %,2026/03/17 02:59:57,720.00-516.00,571.71,572.28,-17.02%,"-8.70                                                                    (FY:082-083, Q:2)",-67.53,128.63,4.57,,2.76,0.6495,0.0319,0.3407
MKCL,Others,"7,560,000.00","1,382.00",-0.22 %,2026/03/17 02:58:36,"1,900.00-1,333.00","1,410.13","1,384.33",-14.27%,"4.69                                                                    (FY:082-083, Q:2)",294.67,108.71,12.71,0.42                                                                    (FY:081-082),0,0,0,0.0000
CKHL,Hydro Power,"4,000,000.00",723.80,-1.92 %,2026/03/17 02:59:58,804.00-550.00,655.66,677.50,-3.24%,"17.54                                                                    (FY:082-083, Q:2)",41.27,95.71,7.56,,10.39,0.3157,0.0458,0.1807
NWCL,Others,"6,875,000.00",861.00,-1.03 %,2026/03/17 02:59:57,"1,045.00-740.20",839.87,856.46,-11.96%,"-6.09                                                                    (FY:082-083, Q:2)",-141.38,101.24,8.50,,2.52,0,0.0179,0.0089
HRL,Others,"108,680,000.00",870.00,-0.91 %,2026/03/17 02:59:54,"1,139.90-762.10",838.34,847.33,-11.59%,"11.92                                                                    (FY:082-083, Q:2)",72.99,157.02,5.54,,3.78,0,0.0471,0.0236
SARBTM,Manufacturing And Processing,"52,242,750.00",889.00,-0.15 %,2026/03/17 02:59:28,"1,048.00-760.20",877.38,881.79,7.86%,"20.61                                                                    (FY:082-083, Q:2)",43.13,188.92,4.71,15.00                                                                    (FY:081-082),1.32,0,0.0610,0.0305
GMLI,Life Insurance,"7,500,000.00","1,745.00",0.58 %,2026/03/17 02:59:33,"2,778.00-1,694.00","1,819.57","1,778.22",-11.87%,"3.53                                                                    (FY:082-083, Q:2)",494.33,106.91,16.32,,0,0,0,0.0000
NMIC,Non-Life Insurance,"7,500,000.00","1,320.00",0 %,2026/03/17 02:59:58,"2,703.30-302.30","1,290.55","1,296.91",0.00%,"3.61                                                                    (FY:082-083, Q:2)",365.65,101.65,12.99,,0,0,0,0.0000
CREST,Life Insurance,"7,500,000.00","1,385.00",-1.35 %,2026/03/17 02:59:34,"2,458.20-302.50","1,290.27","1,328.44",0.00%,"3.13                                                                    (FY:082-083, Q:2)",442.49,111.12,12.46,,0,0,0,0.0000
OMPL,Manufacturing And Processing,"6,000,000.00","1,321.00",0.49 %,2026/03/17 02:58:54,"2,167.20-270.00","1,268.82","1,303.32",0.00%,"-12.81                                                                    (FY:082-083, Q:2)",-103.12,97.93,13.49,,0,0,0,0.0000
PURE,Others,"8,000,000.00",965.00,-0.72 %,2026/03/17 02:59:59,"1,327.90-289.30",927.60,986.70,0.00%,"2.31                                                                    (FY:082-083, Q:2)",417.75,101.63,9.50,,4.03,0,0.0230,0.0115
TTL,Others,"8,156,097.00",906.00,-0.55 %,2026/03/17 02:59:54,"1,262.80-366.10",818.47,856.78,0.00%,"2.24                                                                    (FY:082-083, Q:2)",404.46,105.42,8.59,,10.69,0,0.0253,0.0126
SANVI,Hydro Power,"8,800,000.00",819.50,0.18 %,2026/03/17 02:59:59,"1,060.00-359.00",712.21,762.11,0.00%,"17.33                                                                    (FY:082-083, Q:1)",47.29,118.29,6.93,5.25                                                                    (FY:079-080),15.06,0,0.0458,0.0229
BHCL,Hydro Power,"9,091,013.00",586.00,-0.34 %,2026/03/17 02:59:57,699.00-292.10,513.53,547.00,0.00%,"11.05                                                                    (FY:082-083, Q:2)",53.03,107.34,5.46,,14.11,0.2777,0.0517,0.1647
HIMSTAR,Hydro Power,"3,730,000.00",967.90,2.86 %,2026/03/17 02:59:59,"1,264.00-252.20",847.35,943.05,0.00%,"-5.84                                                                    (FY:082-083, Q:2)",-165.74,95.31,10.16,,14.23,0,0.0149,0.0075
MABEL,Hydro Power,"3,858,240.00",745.00,-1.11 %,2026/03/17 02:59:59,927.00-317.70,713.09,741.41,0.00%,"2.33                                                                    (FY:082-083, Q:2)",319.74,103.31,7.21,,4.47,0.2987,0.0302,0.1645
DHEL,Hydro Power,"10,305,000.00",704.00,-0.85 %,2026/03/17 02:59:56,918.90-402.20,648.70,660.87,0.00%,"-1.65                                                                    (FY:082-083, Q:2)",-426.67,131.27,5.36,,8.52,0.4159,0.0354,0.2256
SAGAR,Manufacturing And Processing,"7,260,000.00","1,920.00",-1.79 %,2026/03/17 02:59:56,"2,439.00-319.50","1,723.20","1,826.29",0.00%,"-7.21                                                                    (FY:082-083, Q:2)",-266.30,128.34,14.96,,0,0,0,0.0000
SWASTIK,Microfinance,"577,500.00","2,817.00",-0.7 %,2026/03/17 02:57:27,"3,400.00-391.70","2,362.97","2,442.72",0.00%,"28.94                                                                    (FY:082-083, Q:2)",97.34,157.58,17.88,,0,0,0,0.0000
BUNGAL,Hydro Power,"8,300,000.00",638.20,-1.51 %,2026/03/17 02:59:51,822.00-302.40,629.25,644.34,0.00%,"6.68                                                                    (FY:082-083, Q:2)",95.54,88.61,7.20,,1.42,0.3537,0.0362,0.1950
BANDIPUR,Hotels And Tourism,"28,299,930.00",939.00,-0.42 %,2026/03/17 02:59:59,"1,233.00-285.00",845.63,871.68,0.00%,"-0.53                                                                    (FY:082-083, Q:2)","-1,771.70",92.47,10.15,,11.04,0,0,0.0000
JHAPA,Others,"3,801,900.00","1,419.20",-2.12 %,2026/03/17 02:59:17,"1,749.00-293.40","1,247.54","1,260.20",0.00%,"5.53                                                                    (FY:082-083, Q:2)",256.64,100.92,14.06,,0,0,0,0.0000
SAIL,Manufacturing And Processing,"16,312,500.00","1,329.00",-0.82 %,2026/03/17 02:59:59,"1,690.00-301.70","1,093.22","1,093.22",0.00%,"1.92                                                                    (FY:082-083, Q:2)",692.19,110.63,12.01,,0,0,0,0.0000
SYPNL,Manufacturing And Processing,"13,081,371.00","1,838.10",-1.5 %,2026/03/17 02:59:53,"2,255.90-319.80","1,494.28","1,494.28",0.00%,"1.20                                                                    (FY:082-083, Q:2)","1,531.75",109.64,16.76,,0,0,0,0.0000
SABBL,Development Bank Limited,"5,223,880.00","1,262.40",9.99 %,2026/03/17 02:59:12,"1,262.40-300.00",702.61,702.61,0.00%,"-3.98                                                                    (FY:082-083, Q:2)",-317.19,101.31,12.46,,0,0,0,0.0000
RSML,Manufacturing And Processing,"19,000,000.00","1,136.50",10 %,2026/03/17 02:23:09,"1,136.50-300.00",663.78,663.78,0.00%,"14.47                                                                    (FY:082-083, Q:2)",78.54,490.54,2.32,,0,0,0,0.0000
HFIN,Hotels And Tourism,,148.60,9.99 %,2026/03/17 02:52:55,148.60-101.70,129.60,129.60,0.00%,"0.00                                                                    (FY:, Q:0)",0.00,0.00,148.60,,14.66,-0.0000,0.0013,0.0006
